{
  "0": 0.5,
  "1": 0.5,
  "2": 0.5,
  "3": 0.5,
  "4": 0.5,
  "5": 0.5,
  "6": 0.5,
  "7": 0.5,
  "8": 0.5,
  "9": 0.5,
  "": 0.0,
  " ": 0.25,
  "!": 0.333,
  "\"": 0.555,
  "#": 0.5,
  "$": 0.5,
  "%": 1.0,
  "&": 0.83300006,
  "'": 0.27800003,
  "(": 0.333,
  ")": 0.333,
  "*": 0.5,
  "+": 0.57000005,
  ":": 0.25,
  "-": 0.333,
  ".": 0.25,
  "/": 0.27800003,
  ",": 0.333,
  ";": 0.333,
  "<": 0.57000005,
  "=": 0.57000005,
  ">": 0.57000005,
  "?": 0.5,
  "@": 0.93000007,
  "A": 0.72200006,
  "B": 0.66700006,
  "C": 0.72200006,
  "D": 0.72200006,
  "E": 0.66700006,
  "F": 0.611,
  "G": 0.77800006,
  "H": 0.77800006,
  "I": 0.38900003,
  "J": 0.5,
  "K": 0.77800006,
  "L": 0.66700006,
  "M": 0.94400007,
  "N": 0.72200006,
  "O": 0.77800006,
  "P": 0.611,
  "Q": 0.77800006,
  "R": 0.72200006,
  "S": 0.55600005,
  "T": 0.66700006,
  "U": 0.72200006,
  "V": 0.72200006,
  "W": 1.0,
  "X": 0.72200006,
  "Y": 0.72200006,
  "Z": 0.66700006,
  "[": 0.333,
  "\\": 0.27800003,
  "]": 0.333,
  "^": 0.58100003,
  "_": 0.5,
  "`": 0.333,
  "a": 0.5,
  "b": 0.55600005,
  "c": 0.44400004,
  "d": 0.55600005,
  "e": 0.44400004,
  "f": 0.333,
  "g": 0.5,
  "h": 0.55600005,
  "i": 0.27800003,
  "j": 0.333,
  "k": 0.55600005,
  "l": 0.27800003,
  "m": 0.83300006,
  "n": 0.55600005,
  "o": 0.5,
  "p": 0.55600005,
  "q": 0.55600005,
  "r": 0.44400004,
  "s": 0.38900003,
  "t": 0.333,
  "u": 0.55600005,
  "v": 0.5,
  "w": 0.72200006,
  "x": 0.5,
  "y": 0.5,
  "z": 0.44400004,
  "{": 0.39400002,
  "|": 0.22000001,
  "}": 0.39400002,
  "~": 0.52000004
}
